<?xml version="1.0" encoding="utf-8"?><App xmlns="http://schemas.microsoft.com/sharepoint/2012/app/manifest" Name="e-committee-form-client-side-solution" ProductID="eec28e9c-5983-4f55-a1b7-310691c42b8f" SharePointMinVersion="16.0.0.0" IsClientSideSolution="true" Version="1.0.0.0" SkipFeatureDeployment="true" IsDomainIsolated="false"><Properties><Title>e-committee-form-client-side-solution</Title><DeveloperProperties>{&quot;name&quot;:&quot;&quot;,&quot;websiteUrl&quot;:&quot;&quot;,&quot;privacyUrl&quot;:&quot;&quot;,&quot;termsOfUseUrl&quot;:&quot;&quot;,&quot;mpnId&quot;:&quot;Undefined-1.19.0&quot;}</DeveloperProperties><ShortDescription><LocalizedString CultureName="default">eCommitteeForm description</LocalizedString></ShortDescription><LongDescription><LocalizedString CultureName="default">eCommitteeForm description</LocalizedString></LongDescription><Screenshots></Screenshots></Properties></App>